{"cameraMode":{"drawMode":0,"name":"Shaded","section":"Shading Mode"},"sceneLighting":true,"audioPlay":false,"sceneViewState":{"showFog":true,"showMaterialUpdate":true,"showSkybox":true,"showFlares":true,"showImageEffects":true,"showParticleSystems":true},"in2DMode":false,"pivot":{"x":16.317079544067384,"y":3.39569091796875,"z":3.3116226196289064},"rotation":{"x":0.14675697684288026,"y":-0.8489574790000916,"z":0.3097091019153595,"w":0.40227383375167849},"size":14.481992721557618,"orthographic":false}