{"cameraMode":{"drawMode":0,"name":"Shaded","section":"Shading Mode"},"sceneLighting":true,"audioPlay":false,"sceneViewState":{"showFog":true,"showMaterialUpdate":true,"showSkybox":true,"showFlares":true,"showImageEffects":true,"showParticleSystems":true},"in2DMode":false,"pivot":{"x":64.72308349609375,"y":7.672198295593262,"z":79.10978698730469},"rotation":{"x":-0.06892229616641998,"y":0.8127555251121521,"z":-0.09825678169727326,"w":-0.57010817527771},"size":3.4480104446411135,"orthographic":false}